x,y
-83.29521199999999,33.973338999999996
-83.37933099999998,33.97294699999999
-83.42667399999999,33.989371
-83.44386,33.99586999999999
-83.42168199999999,33.987467999999986
-83.385153,33.967375
-83.458793,33.934025999999996
-83.31315299999999,33.933828999999996
-83.32717999999998,33.96035799999999
-83.42535499999998,33.99929099999999
-83.39809099999998,34.02402699999999
-83.50176399999998,33.942071999999996
-83.327562,34.016488999999986
-83.339399,33.95902199999999
-83.35152699999999,33.922112999999996
-83.311813,33.875761
-83.327562,34.016488999999986
-83.30773899999998,33.967158999999995
-83.35491499999999,33.950343
-83.43766099999999,33.933268999999996
-83.47918099999998,33.94044499999999
-83.29416799999998,33.950685
-83.52454099999999,33.95863599999999
-83.39908099999998,33.952345
-83.41470999999999,33.961928
-83.35664099999998,33.982258
-83.35231399999999,33.977913
-83.30475199999998,33.914111999999996
-83.43027899999998,33.99929
-83.35153699999998,33.978052999999996
-83.42758499999998,33.997949999999996
-83.39809099999998,34.02402699999999
-83.46143599999999,33.936237999999996
-83.405275,34.013179
-83.46242499999998,33.940820999999985
-83.37835699999998,33.97778699999999
-83.39855399999999,33.95244999999999
-83.35361199999998,33.977964
-83.351354,33.978903999999986
-83.41727499999999,33.97360299999999
-83.45058499999999,34.0043
-83.49746299999998,33.940782999999996
-83.35848199999998,33.94798999999999
-83.33945399999999,33.911826999999995
-83.39052199999999,33.97459299999999
-83.275412,33.94214199999999
-83.385128,33.945847
-83.46178199999999,33.939681
-83.36735999999999,33.93350399999999
-83.43428199999998,33.969183
-83.41008699999999,33.97019499999999
-83.328322,34.019714
-83.32299799999998,33.93901799999999
-83.363844,33.978372
-83.43356099999998,33.96148099999999
-83.43165599999999,33.95272599999999
-83.42874499999999,33.99785899999999
-83.40377999999998,33.96392699999999
-83.45376,33.951996
-83.39049899999999,33.97478699999999
-83.35475799999999,33.946303
-83.430498,33.962396999999996
-83.45031699999998,33.953987999999995
-83.35990599999998,33.978217
-83.46475699999999,33.941389
-83.43324299999999,33.94120199999999
-83.34335999999999,33.95513799999999
-83.29794099999998,33.924058999999986
-83.463447,33.94036299999999
-83.35034899999998,33.943284999999996
-83.304447,33.945617999999996
-83.42150199999999,33.932769
-83.39809099999998,34.02402699999999
-83.37933099999998,33.97294699999999
-83.35480199999999,33.94597199999999
-83.44044799999999,33.93334699999999
-83.41130099999998,33.951959999999985
-83.382735,33.956255999999996
-83.320976,33.900252
-83.28292499999999,33.96572499999999
-83.406024,33.966867
-83.30909299999999,34.008749
-83.44086899999999,33.988673
-83.361419,33.95639
-83.36149799999998,33.94278899999999
-83.29476699999998,33.964248999999995
-83.41214099999999,33.971795
-83.35631099999999,33.94674299999999
-83.346879,33.95411399999999
-83.37818599999999,33.92100099999999
-83.37571899999999,33.932856
-83.382395,33.93164
-83.30697899999998,33.967579
-83.33487799999999,33.926206
-83.32524999999998,33.90777899999999
-83.41214099999999,33.971795
-83.36157999999999,33.950893
-83.35631099999999,33.94674299999999
-83.335627,33.934739
-83.44635099999999,33.994279999999996
-83.37790599999998,33.97921699999999
-83.47007899999998,33.933472
-83.327624,33.94152499999999
-83.368061,33.963370999999995
-83.43153699999999,33.939579
-83.44480999999999,33.936075999999986
-83.30534199999998,33.942222
-83.387523,33.948005
-83.407668,33.96815399999999
-83.37837499999999,33.92301499999999
-83.42880099999999,33.953181
-83.339905,33.91643899999999
-83.42072499999999,33.955784
-83.360151,33.984093
-83.367164,33.933406999999995
-83.266114,33.911468
-83.427976,33.98932899999999
-83.35665699999998,33.94623099999999
-83.377746,33.927876999999995
-83.31146299999999,34.007041
-83.374543,33.978298999999986
-83.430849,33.980788
-83.37273399999998,33.95826999999999
-83.39052199999999,33.97459299999999
-83.34053699999998,33.92663600000001
-83.38761999999998,33.919572999999986
-83.35617499999998,33.946830999999996
-83.35003799999998,33.955809999999985
-83.39136799999999,33.955375
-83.50591899999999,33.96272799999999
-83.31712999999999,33.93589399999999
-83.35305599999998,33.96400299999999
-83.37401599999998,33.97813399999999
-83.35841999999998,33.94809399999999
-83.44966999999998,33.94635699999999
-83.394088,33.948867
-83.37984099999998,34.00322899999999
-83.34405199999999,33.93035499999999
-83.36311099999999,33.95186499999999
-83.38125499999998,33.921393
-83.37529399999998,33.97646499999999
-83.39809099999998,34.02402699999999
-83.38150199999998,33.94114199999999
-83.46665199999998,33.940868
-83.30413899999999,33.92991099999999
-83.37833599999999,33.92253999999999
-83.48361599999998,33.94045899999999
-83.35595099999999,33.946742
-83.36597999999998,33.932724
-83.40524599999999,33.916406999999985
-83.365476,33.93833999999999
-83.40357,33.99273199999999
-83.30571799999998,33.93026499999999
-83.38310599999998,33.91847099999999
-83.32562899999999,33.91955099999999
-83.42183899999999,33.984073999999985
-83.39318,33.942864
-83.470618,33.940778
-83.276173,33.929992999999996
-83.41378799999998,33.974581
-83.307976,33.88278
-83.49600399999999,33.94035399999999
-83.37273399999998,33.95826999999999
-83.33715899999999,33.92782799999999
-83.340693,33.908558
-83.50176399999998,33.942071999999996
-83.31500299999999,33.938227999999995
-83.29507099999998,33.96370999999999
-83.35631099999999,33.94674299999999
-83.42723099999999,33.98585099999999
-83.502138,33.94183799999999
-83.41611,33.948171999999985
-83.338943,33.993006
-83.444952,33.958905
-83.35260599999998,33.977917999999995
-83.33946699999998,33.92548599999999
-83.378478,33.97725299999999
-83.308095,33.984534
-83.415606,33.93425899999999
-83.38947299999998,33.914944999999996
-83.42749099999999,33.998571999999996
-83.394088,33.948867
-83.487813,33.94030999999999
-83.38223299999999,33.997620999999995
-83.32386799999999,33.918776
-83.379815,33.962005999999995
-83.335965,33.934920999999996
-83.386517,33.968313
-83.31293999999998,33.924728
-83.38695,33.932409
-83.523127,33.95831499999999
-83.37717899999998,33.985504999999996
-83.40385999999998,33.92079799999999
-83.40522699999998,33.916243
-83.35288599999998,33.93452299999999
-83.34297699999999,33.94473399999999
-83.427976,33.98932899999999
-83.35459699999998,33.97595799999999
-83.44024699999999,33.96331099999999
-83.40524599999999,33.916406999999985
-83.37174299999998,33.94097399999999
-83.41008699999999,33.97019499999999
-83.383077,33.957388
-83.462743,33.943486
-83.44330000000001,33.982813
-83.362425,33.90405599999999
-83.521112,33.96780199999999
-83.393438,33.937153999999985
-83.41830899999998,33.97361699999999
-83.417788,33.947744
-83.36886699999998,33.928846
-83.39076599999999,34.017313
-83.414749,33.94852199999999
-83.43845899999998,33.928198
-83.392287,33.953928999999995
-83.38830199999998,33.954923
-83.280101,33.924317999999985
-83.33904299999999,33.91031699999999
-83.26735099999998,33.91305499999999
-83.41442699999999,33.95750799999999
-83.408546,33.953334999999996
-83.35617499999998,33.946830999999996
-83.44180099999998,33.97404399999999
-83.38792999999998,34.028687999999995
-83.38136799999998,33.956398
-83.38830199999998,33.954923
-83.42739799999998,33.933970999999985
-83.41057399999998,33.955059999999996
-83.447862,34.00326
-83.41657599999999,33.982974
-83.36982999999998,33.92733599999999
-83.33151099999999,33.93279299999999
-83.45167099999999,34.00307399999999
-83.357432,33.988191
-83.45375699999998,33.964483
-83.28154399999998,33.97398599999999
-83.308932,33.903726
-83.333337,34.022908
-83.35617499999998,33.946830999999996
-83.357374,33.958518
-83.35919799999999,33.98360699999999
-83.31506299999998,34.008576999999995
-83.29419199999998,33.98143499999999
-83.358981,33.961714
-83.329943,34.025173999999986
-83.361419,33.95639
-83.411459,33.958304999999996
-83.43298599999999,33.94525099999999
-83.38412199999999,33.960536999999995
-83.39275999999998,33.973335999999996
-83.35065999999999,33.94659399999999
-83.357962,33.947684999999986
-83.37830599999998,33.978009
-83.357235,34.005504
-83.38830199999998,33.954923
-83.377921,33.965133
-83.39275599999999,33.92340399999999
-83.40181799999999,33.957460999999995
-83.38906699999998,33.974887999999986
-83.317725,33.96242300000001
-83.46201399999998,33.93956899999999
-83.37422699999999,33.957930999999995
-83.38906799999998,33.971992
-83.34194499999998,33.92828999999999
-83.31561399999998,33.903182
-83.470201,33.956801999999996
-83.363613,33.978360999999985
-83.48787999999999,33.939558999999996
-83.329138,34.012411
-83.400767,33.95862999999999
-83.305058,33.93331899999999
-83.29648999999999,33.92799399999999
-83.38054099999998,33.924901999999996
-83.41384299999999,33.95575099999999
-83.429496,33.99920099999999
-83.38754199999998,33.95266399999999
-83.370289,33.967649
-83.386352,33.944696
-83.35335499999998,33.96511499999999
-83.262686,33.918262999999996
-83.39278799999998,33.92359499999999
-83.464854,33.940720999999996
-83.46193199999999,33.93482999999999
-83.43872299999998,33.926608
-83.46178199999999,33.939681
-83.46432199999998,33.95104099999999
-83.35076699999999,33.93614699999999
-83.377651,33.938622999999986
-83.30571799999998,33.93026499999999
-83.43647299999999,33.92462299999999
-83.40164399999999,33.963778999999995
-83.41851899999999,33.962058999999996
-83.408585,33.958563999999996
-83.358485,33.971932999999986
-83.43928699999998,33.99488399999999
-83.416893,33.982793
-83.34803599999998,33.946117
-83.44609499999999,33.95150199999999
-83.384199,33.955912
-83.35595099999999,33.946742
-83.36634699999999,33.965368999999995
-83.36380799999999,33.957873
-83.50195699999999,33.94211899999999
-83.276778,33.965395
-83.39809099999998,34.02402699999999
-83.28703699999998,33.97090599999999
-83.28638599999998,33.95236899999999
-83.41378799999998,33.974581
-83.40164399999999,33.963778999999995
-83.35061699999999,33.979987
-83.280101,33.924317999999985
-83.33302899999998,33.930234999999996
-83.36089099999998,33.97598399999999
-83.37582899999998,33.949045999999996
-83.45530699999999,33.926117999999995
-83.45416799999998,33.954323999999986
-83.37818599999999,33.92100099999999
-83.35003799999998,33.955809999999985
-83.279854,33.966505999999995
-83.42535599999998,33.954900999999985
-83.392658,33.967241
-83.31712999999999,33.93589399999999
-83.40175299999999,33.99547799999999
-83.36886699999998,33.928846
-83.460391,33.939026999999996
-83.45012499999999,34.00000699999999
-83.48033699999999,33.933807
-83.35305199999999,33.964773
-83.427976,33.98932899999999
-83.44380199999999,33.981271
-83.35260599999998,33.977917999999995
-83.33853799999999,33.99323799999999
-83.447259,33.967942
-83.47193899999999,33.984206
-83.364165,33.961615
-83.45251299999998,33.93964799999999
-83.369911,33.965717999999995
-83.38265299999999,33.903414999999995
-83.312741,33.937346999999995
-83.525211,33.971054
-83.43593699999998,33.944867999999985
-83.420344,33.962176
-83.416893,33.982793
-83.338943,33.993006
-83.33949699999998,34.01502399999999
-83.35507799999999,33.946353
-83.443416,34.004564
-83.312223,33.874299
-83.35248399999999,33.908215999999996
-83.35513299999998,33.974717999999996
-83.33920999999998,33.99228999999999
-83.33863199999999,33.99309699999999
-83.44250699999999,33.93860699999999
-83.384558,33.963091999999996
-83.31712999999999,33.93589399999999
-83.357753,33.94755099999999
-83.42585799999999,33.965789
-83.40508699999998,33.91624699999999
-83.37818799999998,33.989481999999995
-83.41229899999999,33.97193
-83.41058099999998,33.924645999999996
-83.34097599999998,33.95751899999999
-83.366675,33.962875
-83.40338799999999,33.96670799999999
-83.47663599999998,33.934393
-83.37401599999998,33.97813399999999
-83.36409399999998,33.992101999999996
-83.45192099999998,34.00435199999999
-83.431814,33.98578899999999
-83.35927199999999,33.942980999999996
-83.379097,33.92723999999999
-83.42797899999998,33.96422499999999
-83.41378799999998,33.974581
-83.36402699999998,33.98018199999999
-83.33086399999999,33.92380699999999
-83.37727799999999,33.963267
-83.33853799999999,33.99323799999999
-83.42424299999999,33.97453399999999
-83.44803199999998,33.946438
-83.390571,33.964906
-83.45436699999999,33.98960999999999
-83.38054099999998,33.924901999999996
-83.498352,33.935585
-83.38440799999998,33.93314099999999
-83.35927199999999,33.942980999999996
-83.48713699999999,33.936146
-83.31351499999998,33.925267999999996
-83.395513,33.962223
-83.33419599999999,33.96318699999999
-83.461972,33.93975799999999
-83.382711,33.945493
-83.447924,33.952677
-83.30755599999999,33.896926
-83.394088,33.948867
-83.38331399999998,34.02780899999999
-83.42889599999998,33.999266999999996
-83.362521,33.980682
-83.41627199999999,33.96159
-83.335053,33.93438299999999
-83.35848199999998,33.94798999999999
-83.35281799999998,34.00670999999999
-83.34699599999999,33.976161999999995
-83.393057,33.95615
-83.367283,33.95401499999999
-83.43928699999998,33.99488399999999
-83.34601599999999,33.92368599999999
-83.35288599999998,33.96338999999999
-83.40522699999998,33.916243
-83.27528199999999,33.929666999999995
-83.462187,33.939637999999995
-83.43190799999999,33.96000099999999
-83.35414899999999,33.951024
-83.38945599999998,33.92221899999999
-83.37609499999999,33.935182
-83.43287699999999,33.951071999999996
-83.463447,33.94036299999999
-83.36353699999998,33.978533999999996
-83.40675299999998,33.967397999999996
-83.405855,33.964864999999996
-83.32764899999998,34.01060199999999
-83.386201,33.95301
-83.28513799999999,33.950713
-83.34023499999999,33.944831
-83.52548699999998,33.956586
-83.477494,33.947579
-83.41710799999998,33.996453999999986
-83.44644999999998,33.941451
-83.47141799999999,33.940661999999996
-83.40524599999999,33.916406999999985
-83.35517099999998,33.976278
-83.50663199999998,33.93450399999999
-83.34108899999998,33.92728499999999
-83.44650699999998,33.97666499999999
-83.41378799999998,33.974581
-83.358949,33.959756999999996
-83.28576699999999,33.966245
-83.39269999999999,33.92271999999999
-83.31092099999998,33.932321
-83.42902399999998,33.956727
-83.49053599999999,33.940125
-83.31561399999998,33.903182
-83.355272,33.95784
-83.40522299999999,34.01286199999999
-83.3799,33.952911
-83.45106599999998,33.972481
-83.30413899999999,33.92991099999999
-83.387376,33.94924199999999
-83.247123,33.90310499999999
-83.39620299999999,33.933323
-83.35852,33.95446
-83.41179099999998,33.953590999999996
-83.41127,33.971061999999996
-83.346271,33.907173
-83.43012399999999,33.944746999999985
-83.40367899999998,33.965234999999986
-83.36302999999998,33.979694999999985
-83.37783999999999,33.960679999999996
-83.42098199999998,33.937298999999996
-83.32236999999999,33.917525
-83.28336699999998,33.948848999999996
-83.43012399999999,33.944746999999985
-83.35678599999999,33.94638799999999
-83.393366,33.97783799999999
-83.44918599999998,33.95424599999999
-83.40129799999998,33.984297999999995
-83.353915,33.94639399999999
-83.47975399999999,33.93988399999999
-83.332971,33.934533
-83.365476,33.93833999999999
-83.34738299999998,34.008815999999996
-83.40536699999998,33.91825999999999
-83.38906699999998,33.974887999999986
-83.42908699999998,33.93094599999999
-83.39322,33.952479
-83.329138,34.012411
-83.37871599999998,33.92609499999999
-83.39749499999999,33.941535
-83.36375999999998,33.978546
-83.44648899999999,33.95825599999999
-83.383515,34.00079199999999
-83.35168299999998,33.977902
-83.39313099999998,33.97457299999999
-83.426028,33.988956
-83.32845499999999,34.01415899999999
-83.324376,34.01574099999999
-83.40051299999999,33.946712999999995
-83.44660499999999,33.941812999999996
-83.40046599999998,33.98399899999999
-83.42204399999999,34.00041399999999
-83.36302999999998,33.979694999999985
-83.345522,33.958836
-83.44965499999999,33.94657099999999
-83.384619,33.957046999999996
-83.36625599999999,33.962292999999995
-83.35617499999998,33.946830999999996
-83.41515299999999,33.971311
-83.30888399999999,33.85407399999999
-83.47977999999999,33.94043599999999
-83.35047,34.00335599999999
-83.33909199999998,33.93343699999999
-83.312071,33.94223699999999
-83.42969399999998,33.98307799999999
-83.35153699999998,33.978052999999996
-83.40508699999998,33.91624699999999
-83.33184399999999,33.942707999999996
-83.388088,33.965531
-83.38761999999998,33.919572999999986
-83.35898199999998,33.947153
-83.35421999999998,34.014711999999996
-83.34038799999999,33.946027
-83.404084,33.952628
-83.393632,33.953586
-83.41229899999999,33.97193
-83.47926499999998,33.936149
-83.35076499999998,33.92600399999999
-83.37035499999999,33.965427999999996
-83.419662,33.947289999999995
-83.30413899999999,33.92991099999999
-83.39809099999998,34.02402699999999
-83.40493099999999,33.96879599999999
-83.35236199999999,34.005902999999996
-83.303151,33.904229
-83.35003799999998,33.955809999999985
-83.36171899999998,33.94283399999999
-83.30697899999998,33.967579
-83.366984,33.978366
-83.35580399999999,34.000121
-83.389609,33.947146
-83.38056399999999,33.956479
-83.34049199999998,33.944805999999986
-83.31319399999998,33.933748
-83.42328999999998,34.009814999999996
-83.28234499999999,33.975431
-83.34297699999999,33.94473399999999
-83.35617499999998,33.946830999999996
-83.42159499999998,33.953306999999995
-83.391545,33.960162
-83.35305199999999,33.964773
-83.35288599999998,33.96338999999999
-83.357827,33.976888999999986
-83.46491,33.940485999999986
-83.28412299999998,33.95258599999999
-83.46958599999999,33.940933
-83.46665199999998,33.940868
-83.48361599999998,33.94045899999999
-83.34300399999998,33.909442999999996
-83.40675999999999,33.95309799999999
-83.40524599999999,33.916406999999985
-83.44607299999998,33.991064
-83.51209299999998,33.955922
-83.35631099999999,33.94674299999999
-83.35153699999998,33.978052999999996
-83.28310899999998,33.95197999999999
-83.41008699999999,33.97019499999999
-83.420889,33.94717899999999
-83.419662,33.947289999999995
-83.521112,33.96780199999999
-83.374589,33.952833999999996
-83.32248899999999,33.938763
-83.36759999999998,33.97852999999999
-83.40811099999999,33.950158
-83.377563,33.959845
-83.35595099999999,33.946742
-83.39908099999998,33.952345
-83.31764299999999,33.92169599999999
-83.46186,33.948458999999986
-83.46665199999998,33.940868
-83.400407,33.952017999999995
-83.35464999999999,33.949124999999995
-83.50176399999998,33.942071999999996
-83.391612,33.94297699999999
-83.43675899999998,33.979382
-83.41252999999999,33.927675
-83.37747199999998,33.95462599999999
-83.31045899999998,34.016488999999986
-83.38887,33.938465
-83.33130899999999,33.960236
-83.39542999999999,33.958247
-83.41219799999999,33.923263999999996
-83.35710199999998,33.971399999999996
-83.35475799999999,33.946303
-83.44740399999999,33.94563099999999
-83.38061899999998,33.96848299999999
-83.34416299999998,33.927022
-83.462187,33.939637999999995
-83.36228899999999,33.951349
-83.27528199999999,33.929666999999995
-83.40753099999999,33.962575
-83.41445199999998,33.976736999999986
-83.43320199999998,33.963423999999996
-83.30881399999998,33.920071
-83.36526099999999,33.95330799999999
-83.34114399999999,33.932456
-83.32558499999999,33.955968999999996
-83.38429599999999,33.924709
-83.36311099999999,33.95186499999999
-83.40508699999998,33.91624699999999
-83.32764899999998,34.01060199999999
-83.32029199999998,33.95712199999999
-83.34947499999998,34.01612999999999
-83.446747,33.94500099999999
-83.44108299999999,33.928505
-83.34483999999999,33.985981999999986
-83.35473899999998,33.946424
-83.364367,33.950908999999996
-83.43298599999999,33.94525099999999
-83.36886699999998,33.928846
-83.28525299999998,33.89426699999999
-83.35414899999999,33.951024
-83.34483999999999,33.985981999999986
-83.404431,33.91643799999999
-83.35631099999999,33.94674299999999
-83.40408299999999,33.963264999999986
-83.52466499999998,33.958338999999995
-83.384717,33.967483
-83.44816199999998,33.95944899999999
-83.36148099999998,33.96313899999999
-83.422601,34.001156
-83.330826,33.93313899999999
-83.34839699999999,33.978242
-83.36426099999998,33.978574
-83.48105099999998,33.940495999999996
-83.52555799999999,33.955850999999996
-83.30571799999998,33.93026499999999
-83.468749,33.98621299999999
-83.42229999999999,33.936727999999995
-83.457633,33.97170299999999
-83.48868699999998,33.946225999999996
-83.40524599999999,33.916406999999985
-83.29704799999999,33.903265999999995
-83.30785099999999,33.89724199999999
-83.42797899999998,33.96422499999999
-83.49746299999998,33.940782999999996
-83.339218,33.992619999999995
-83.330162,33.903959
-83.342908,33.90725
-83.43845899999998,33.928198
-83.31741599999998,33.960391
-83.47738999999999,33.98550399999999
-83.419662,33.947289999999995
-83.43928699999998,33.99488399999999
-83.31143999999999,33.970476999999995
-83.35631099999999,33.94674299999999
-83.50142199999999,33.941984999999995
-83.37460599999999,34.01142099999999
-83.49979499999999,33.93924899999999
-83.32615099999998,33.940708
-83.33949699999998,34.01502399999999
-83.46343899999998,33.940108999999985
-83.31687699999999,33.93585699999999
-83.465687,33.94083299999999
-83.32028799999999,33.924005
-83.41214099999999,33.971795
-83.404071,33.92128199999999
-83.37805199999998,33.919633999999995
-83.42732199999999,33.956261999999995
-83.35668499999998,34.00823299999999
-83.41843099999998,33.94567299999999
-83.409643,33.949756
-83.30413899999999,33.92991099999999
-83.36347099999999,33.977047999999996
-83.373857,33.97715199999999
-83.349817,33.955791999999995
-83.45126499999999,33.947941
-83.30767699999998,33.975246999999996
-83.35305599999998,33.96400299999999
-83.44441999999998,33.939012999999996
-83.448171,33.94550699999999
-83.375208,33.957715
-83.311982,33.916294
-83.367873,33.970269
-83.50864799999998,33.95456999999999
-83.40524599999999,33.916406999999985
-83.370812,33.977236999999995
-83.37298699999998,33.973857999999986
-83.34576699999998,33.920753999999995
-83.37401599999998,33.97813399999999
-83.311458,33.92755199999999
-83.40444099999999,33.96739199999999
-83.427312,33.96356099999999
-83.376182,33.936397
-83.39272799999999,33.930800999999995
-83.36735999999999,33.93350399999999
-83.373857,33.97715199999999
-83.46083199999998,33.939341999999996
-83.41091699999998,33.92285499999999
-83.385153,33.968652999999996
-83.38844,33.917221999999995
-83.44884299999998,33.94524599999999
-83.33115699999999,34.012377
-83.35787999999998,33.94778199999999
-83.380909,33.96007
-83.419662,33.947289999999995
-83.396844,33.985873999999995
-83.440668,33.985407999999985
-83.365269,33.968866999999996
-83.32306299999999,33.92704799999999
-83.44068399999999,33.965358
-83.40508699999998,33.91624699999999
-83.40522699999998,33.916243
-83.39049899999999,33.97478699999999
-83.42636099999999,33.95519199999999
-83.41259499999998,34.0013
-83.39578199999998,33.972971
-83.31712999999999,33.93589399999999
-83.372793,33.92415199999999
-83.316586,34.006741999999996
-83.49482899999998,33.93996099999999
-83.31087099999999,33.932418999999996
-83.38870599999998,33.956016
-83.34775599999999,33.921244
-83.44928199999998,33.937165
-83.43082099999998,33.99827899999999
-83.392287,33.953928999999995
-83.405095,33.916416999999996
-83.276173,33.929992999999996
-83.41558499999998,33.948318
-83.43215699999999,33.93967899999999
-83.362447,33.964106
-83.46665199999998,33.940868
-83.440184,33.969492999999986
-83.372793,33.92415199999999
-83.360056,33.99155499999999
-83.351354,33.978903999999986
-83.331046,33.960222
-83.35231399999999,33.977913
-83.40377999999998,33.96392699999999
-83.46113599999998,33.97859499999999
-83.41378799999998,33.974581
-83.500073,33.94355699999999
-83.35398399999998,33.996546999999985
-83.372793,33.92415199999999
-83.39630000000001,33.95880000000001
-83.35475799999999,33.946303
-83.34335999999999,33.95513799999999
-83.403806,33.959711
-83.387376,33.94924199999999
-83.35260599999998,33.977917999999995
-83.32017299999998,34.022117
-83.379071,33.95952
-83.42353699999998,33.944062999999986
-83.32663699999999,34.019306
-83.42963399999998,33.930210999999986
-83.257615,33.905657999999995
-83.31559,33.930890999999995
-83.35231399999999,33.977913
-83.324758,33.998466
-83.35631099999999,33.94674299999999
-83.32845499999999,34.01415899999999
-83.372044,33.98279
-83.32025508466269,33.854929901105244
-83.38906799999998,33.971992
-83.45477799999999,33.939312
-83.37787199999998,33.927817999999995
-83.38547099999998,33.93402199999999
-83.29796499999999,33.92526099999999
-83.34533299999998,33.924101
-83.457436,33.955957999999995
-83.47239299999998,33.98312899999999
-83.42627,33.98677399999999
-83.363233,33.950184
-83.40697399999999,33.93965699999999
-83.464107,33.945522
-83.305953,33.97662499999999
-83.402757,33.960429999999995
-83.402202,33.96585799999999
-83.43593699999998,33.944867999999985
-83.45353999999999,33.956237
-83.44644999999998,33.941451
-83.401516,33.94209
-83.31117499999999,33.89078099999999
-83.46593599999999,33.936616
-83.37454699999999,33.94537299999999
-83.355468,33.961525
-83.32706199999998,34.020368999999995
-83.40564499999999,33.96268299999999
-83.44091499999999,33.943415
-83.456868,33.974796999999995
-83.280101,33.924317999999985
-83.39166999999999,33.922762999999996
-83.33863199999999,33.99309699999999
-83.37200199999998,33.96109200000001
-83.408333,33.957273
-83.30136,33.89577599999999
-83.28645499999999,33.951954
-83.38792699999999,33.938708999999996
-83.43474799999998,33.95512399999999
-83.47278899999999,33.94583399999999
-83.32911,33.93889
-83.342094,33.932477999999996
-83.408962,33.961374
-83.36863699999999,33.91894899999999
-83.363579,33.979662999999995
-83.351354,33.978903999999986
-83.29205799999998,33.94314399999999
-83.40152499999999,33.951751
-83.35608999999998,33.946640999999985
-83.33759599999999,33.993384999999996
-83.459929,33.93912199999999
-83.37768899999999,33.97848299999999
-83.44659199999998,33.992302999999986
-83.429546,33.944932
-83.35242499999998,33.978093
-83.28415799999999,33.95194899999999
-83.43928699999998,33.99488399999999
-83.44991899999998,33.953054
-83.34962799999998,33.923615999999996
-83.35513299999998,33.974717999999996
-83.384867,33.953322
-83.28691599999999,33.943985999999995
-83.38018699999999,33.995910999999985
-83.35855999999998,33.948126999999985
-83.371774,33.902439
-83.37648,33.955287999999996
-83.36427599999999,33.93203499999999
-83.44861799999998,33.946028999999996
-83.300049,33.911723999999985
-83.335627,33.934739
-83.42039199999999,33.95671399999999
-83.35231399999999,33.977913
-83.389228,33.97509399999999
-83.33928099999999,34.023061999999996
-83.42808099999999,33.943214999999995
-83.40152499999999,33.951751
-83.36360499999999,33.90149799999999
-83.52386199999998,33.961151
-83.46155499999999,33.939388
-83.446145,33.96075799999999
-83.394548,33.950952
-83.409041,33.962499
-83.30897799999998,34.008663999999996
-83.38038099999999,33.931978
-83.41553499999999,33.956299
-83.42229499999999,33.996598999999996
-83.400413,34.02201
-83.31207799999999,34.01342799999999
-83.40413099999999,33.951133999999996
-83.31521999999998,33.916775
-83.37377099999999,33.95803999999999
-83.403801,33.954352
-83.394677,33.952180999999996
-83.41466799999999,33.95069399999999
-83.35288599999998,33.96338999999999
-83.310647,33.932127
-83.38136799999998,33.956398
-83.31712999999999,33.93589399999999
-83.42874499999999,33.955881999999995
-83.35018499999998,33.913336
-83.46488499999998,33.97886299999999
-83.385258,33.954446
-83.37107799999998,33.95776699999999
-83.33265399999999,33.933039
-83.368431,33.958633999999996
-83.35052199999998,33.929496
-83.37856099999999,33.924831999999995
-83.35996299999998,33.94916899999999
-83.372793,33.92415199999999
-83.35099999999998,33.90061899999999
-83.392927,33.97388399999999
-83.34844,33.959345
-83.40093499999999,33.93216799999999
-83.35242499999998,33.978093
-83.41326399999998,33.951582
-83.32832599999999,33.89191199999999
-83.34676,33.90165499999999
-83.45647799999999,33.933408
-83.487465,33.94032899999999
-83.40508699999998,33.91624699999999
-83.38830199999998,33.954923
-83.487673,33.93284299999999
-83.46201399999998,33.93956899999999
-83.479398,33.993344
-83.35231399999999,33.977913
-83.28694099999998,33.920448
-83.35617499999998,33.946830999999996
-83.39371299999999,33.945447
-83.44433599999999,33.997037999999996
-83.31393299999999,33.92915699999999
-83.487465,33.94032899999999
-83.347487,33.907848
-83.386954,33.955252
-83.411861,33.971827999999995
-83.27928099999998,33.966467
-83.35287099999998,33.964051999999995
-83.407856,33.955
-83.356917,33.960178
-83.35379199999998,33.93633299999999
-83.48533399999998,33.961255
-83.306761,33.879895
-83.30012599999999,33.96992699999999
-83.39809099999998,34.02402699999999
-83.347487,33.907848
-83.479663,33.93362599999999
-83.471277,33.94286499999999
-83.35475799999999,33.946303
-83.33770299999999,33.923505
-83.35608999999998,33.946640999999985
-83.46593599999999,33.936616
-83.34995399999998,33.90337999999999
-83.36171899999998,33.94283399999999
-83.33748399999999,33.922053999999996
-83.40216199999999,33.941009
-83.30956299999998,33.893274999999996
-83.35065999999999,33.94659399999999
-83.40564599999999,34.014382999999995
-83.473579,33.94053499999999
-83.28157299999998,33.964089
-83.395842,33.949461
-83.34992199999999,33.923144
-83.37033999999998,33.96246
-83.410654,33.94359099999999
-83.373468,33.92345799999999
-83.30755599999999,33.896926
-83.42766399999998,33.94628399999999
-83.38237099999999,33.955104
-83.31787199999998,34.002871999999996
-83.26151899999999,33.87442
-83.291054,33.882317
-83.38212399999999,33.924573999999986
-83.30161799999999,33.92924699999999
-83.41515299999999,33.971311
-83.43580799999998,33.928255
-83.30848499999999,33.943066
-83.37705199999999,33.95820899999999
-83.388857,33.94072599999999
-83.380245,33.994479999999996
-83.44820699999998,33.945091999999995
-83.33419399999998,33.943542
-83.35430499999998,33.975858999999986
-83.35611099999998,33.982912999999996
-83.48589299999999,33.99310799999999
-83.52480699999998,33.970877
-83.387836,33.944790999999995
-83.422569,34.00045
-83.40522699999998,33.916243
-83.45639699999998,33.927188
-83.35214899999998,33.978082
-83.37835699999998,33.97778699999999
-83.31092099999998,33.932321
-83.40576899999999,33.966678
-83.32545399999998,33.99810399999999
-83.390152,33.960481
-83.34381399999998,33.91212199999999
-83.357753,33.94755099999999
-83.30897799999998,34.008663999999996
-83.411861,33.971827999999995
-83.39809099999998,34.02402699999999
-83.32531299999998,33.997681
-83.35242499999998,33.978093
-83.377701,33.927506
-83.35168299999998,33.977902
-83.44827699999999,33.99599599999999
-83.39096899999998,33.954256
-83.402661,33.951496
-83.37639299999998,33.961015
-83.44947499999999,33.928706999999996
-83.417434,33.92306399999999
-83.47076899999999,33.94464599999999
-83.47141799999999,33.940661999999996
-83.29803599999998,33.92071399999999
-83.40508699999998,33.91624699999999
-83.409643,33.949756
-83.374543,33.978298999999986
-83.35817899999999,33.94781799999999
-83.38297699999998,33.923963
-83.389568,33.965699
-83.35287099999998,33.964051999999995
-83.35631099999999,33.94674299999999
-83.505656,33.932857999999996
-83.384199,33.955912
-83.373482,33.958109
-83.49482499999999,33.933317999999986
-83.31712999999999,33.93589399999999
-83.314419,33.939008
-83.31881599999998,33.960909
-83.33622099999998,33.91451599999999
-83.405688,33.962018
-83.39814099999998,33.989481999999995
-83.38441499999999,33.952018999999986
-83.356098,33.947901
-83.38594499999999,34.02794099999999
-83.36673799999998,33.916267999999995
-83.35786399999999,33.957996
-83.436869,33.940815
-83.42908699999998,33.93094599999999
-83.363613,33.978360999999985
-83.44000299999999,33.970005
-83.386954,33.955252
-83.35841999999998,33.94809399999999
-83.355868,33.978222999999986
-83.32779899999998,33.92398399999999
-83.382576,33.960313
-83.314498,33.921279999999996
-83.42763899999999,34.00005699999999
-83.37671499999999,33.96347399999999
-83.32607899999998,33.92927199999999
-83.31912799999999,33.95818299999999
-83.423986,34.003007
-83.34546299999998,33.91205099999999
-83.32999399999999,33.93937799999999
-83.45365999999999,33.991814999999995
-83.38241999999998,33.96956399999999
-83.372497,33.902313
-83.37273399999998,33.95826999999999
-83.36412299999999,33.977308
-83.519841,33.947832999999996
-83.52454099999999,33.95863599999999
-83.40522699999998,33.916243
-83.36457799999998,33.97608999999999
-83.38108799999999,33.951352
-83.37273399999998,33.95826999999999
-83.41378799999998,33.974581
-83.28578199999998,33.86401
-83.43429199999999,33.933892
-83.38844,33.917221999999995
-83.4718,33.94275499999999
-83.36349299999999,33.955296
-83.392927,33.97388399999999
-83.385618,33.955563999999995
-83.46665199999998,33.940868
-83.44691,33.99426799999999
-83.34484899999998,33.98083199999999
-83.33789199999998,33.919233999999996
-83.36326299999999,33.978355
-83.46193199999999,33.93482999999999
-83.50195699999999,33.94211899999999
-83.41378799999998,33.974581
-83.33959099999998,34.01487399999999
-83.297814,33.948451
-83.43845899999998,33.928198
-83.40524599999999,33.916406999999985
-83.311982,33.916294
-83.33437699999999,33.925855999999996
-83.48998199999998,33.93714099999999
-83.316267,33.938700000000004
-83.41214099999999,33.971795
-83.37835699999998,33.97778699999999
-83.34750999999999,33.92453499999999
-83.392927,33.97388399999999
-83.395911,33.943225999999996
-83.393892,33.95434
-83.37013,33.97104199999999
-83.398133,33.916373
-83.35774499999998,33.95152999999999
-83.38054099999998,33.924901999999996
-83.33172299999998,33.933481
-83.42204399999999,34.00041399999999
-83.419662,33.947289999999995
-83.35855999999998,33.948126999999985
-83.34511899999998,33.91476099999999
-83.30576499999998,33.930147999999996
-83.35855999999998,33.948126999999985
-83.280101,33.924317999999985
-83.44557399999998,33.99239699999999
-83.384452,33.943782
-83.35414899999999,33.951024
-83.26966399999999,33.97391799999999
-83.37818599999999,33.92100099999999
-83.39141099999999,33.92457199999999
-83.32518899999998,33.92054999999999
-83.37833599999999,33.92253999999999
-83.31913,33.93694399999999
-83.38211299999999,33.904226
-83.396912,33.96120899999999
-83.32706199999998,34.020368999999995
-83.447788,33.99423699999999
-83.33853799999999,33.99323799999999
-83.463447,33.94036299999999
-83.43735399999998,33.931339
-83.372793,33.92415199999999
-83.34005799999998,33.899115
-83.35691899999999,33.978087999999985
-83.335965,33.934920999999996
-83.46673699999998,33.95958699999999
-83.37101099999998,33.942043999999996
-83.450462,33.94858399999999
-83.41146299999998,33.935494999999996
-83.39809099999998,34.02402699999999
-83.35617499999998,33.946830999999996
-83.30571799999998,33.93026499999999
-83.32144499999998,33.963678
-83.32488399999998,33.95747699999999
-83.35631099999999,33.94674299999999
-83.28686499999999,33.969355
-83.40590899999998,33.96435499999999
-83.412981,33.948949999999996
-83.40509199999998,33.91496999999999
-83.32289199999998,33.926873
-83.300741,33.91447699999999
-83.40508699999998,33.91624699999999
-83.40522699999998,33.916243
-83.324376,34.01574099999999
-83.27575,33.94275499999999
-83.40559499999999,33.960414
-83.30413899999999,33.92991099999999
-83.38648099999999,33.934806
-83.35608999999998,33.946640999999985
-83.36683999999998,33.971433999999995
-83.30465199999999,34.01099899999999
-83.39809099999998,34.02402699999999
-83.44409999999999,33.99872299999999
-83.35608999999998,33.946640999999985
-83.35855999999998,33.948126999999985
-83.383046,33.971409
-83.45400599999999,33.953296
-83.38898499999999,34.02203399999999
-83.37771899999998,33.975115999999986
-83.30934799999999,33.91718
-83.30413899999999,33.92991099999999
-83.372511,33.962718999999986
-83.314419,33.939008
-83.29794199999999,33.92185299999999
-83.39283199999998,33.951319
-83.44454899999998,33.92847199999999
-83.50176399999998,33.942071999999996
-83.31146299999999,34.007041
-83.362535,33.949714
-83.43928699999998,33.99488399999999
-83.37273399999998,33.95826999999999
-83.30413899999999,33.92991099999999
-83.27572999999998,33.93244899999999
-83.41445199999998,33.976736999999986
-83.34662999999999,34.022197999999996
-83.41140799999998,33.92610599999999
-83.386504,33.943126
-83.45086799999999,33.952173
-83.35305599999998,33.96400299999999
-83.43022299999998,33.962347
-83.411861,33.971827999999995
-83.31687699999999,33.93585699999999
-83.409643,33.949756
-83.40405699999998,33.937823
-83.39123,33.96711
-83.37783999999999,33.960679999999996
-83.405275,34.013179
-83.36453499999999,33.97066399999999
-83.33172299999998,33.933481
-83.26807099999999,33.860749999999996
-83.31530599999999,33.90771699999999
-83.38899599999999,33.93200399999999
-83.34507899999998,33.953275999999995
-83.45251299999998,33.93964799999999
-83.44634499999998,33.98679599999999
-83.32887699999999,33.917842
-83.37820999999998,33.921227
-83.431806,33.987306
-83.42747799999998,33.997422
-83.43411499999999,33.963506999999986
-83.383268,33.934903999999996
-83.37826099999998,33.921706
-83.41378799999998,33.974581
-83.36757699999998,33.95833499999999
-83.309539,33.94532199999999
-83.434269,33.94876699999999
-83.434786,33.96233099999999
-83.40324999999999,33.92348899999999
-83.403919,33.997558999999995
-83.47188199999998,33.94881099999999
-83.35231399999999,33.977913
-83.337485,33.995218
-83.363613,33.978360999999985
-83.382092,33.934954
-83.41443399999999,33.969149
-83.31712999999999,33.93589399999999
-83.45220299999998,33.951277999999995
-83.31511999999998,34.017590999999996
-83.46958599999999,33.940933
-83.35679499999999,33.948225
-83.39353499999999,33.927101
-83.32150399999999,33.916893
-83.367283,33.95401499999999
-83.325454,33.930259
-83.37575499999998,33.941987999999995
-83.338216,33.993738
-83.419662,33.947289999999995
-83.34821699999999,33.92439199999999
-83.46405099999998,33.945971
-83.28819799999998,33.973888999999986
-83.38310599999998,33.91847099999999
-83.34028599999999,33.903659999999995
-83.488224,33.933624
-83.36856699999998,33.970697
-83.389609,33.947146
-83.401505,33.989588999999995
-83.35787999999998,33.94778199999999
-83.34673399999998,33.910175999999986
-83.367164,33.933406999999995
-83.440922,33.964506
-83.44635099999999,33.994279999999996
-83.40182899999999,33.98994199999999
-83.44976199999999,33.956865
-83.390779,33.957929
-83.32042099999998,33.90321
-83.43232299999998,33.94586499999999
-83.35065999999999,33.94659399999999
-83.40592399999998,33.91927199999999
-83.379127,33.936273
-83.37422699999999,33.957930999999995
-83.342702,33.90002299999999
-83.41378799999998,33.974581
-83.305514,34.010681999999996
-83.39221899999998,33.970791999999996
-83.36326299999999,33.978355
-83.30776699999998,34.017255999999996
-83.38310599999998,33.91847099999999
-83.39588799999999,33.92794899999999
-83.43411499999999,33.963506999999986
-83.31078399999998,33.922147999999986
-83.28811799999998,33.94372899999999
-83.46083199999998,33.939341999999996
-83.36133,33.956479
-83.35231399999999,33.977913
-83.34463999999998,33.98588699999999
-83.40285,33.997420999999996
-83.35231399999999,33.977913
-83.41142599999999,33.953468
-83.37818799999998,33.989481999999995
-83.35168299999998,33.977902
-83.27436299999998,33.92924399999999
-83.40592399999998,33.91927199999999
-83.34398899999998,33.907911999999996
-83.31538499999999,33.934888
-83.44884299999998,33.94524599999999
-83.46665199999998,33.940868
-83.453484,33.96583799999999
-83.49717099999998,33.99745399999999
-83.46604999999998,33.98924499999999
-83.324927,33.901053999999995
-83.355141,33.97203799999999
-83.41560499999999,33.92271199999999
-83.50638099999999,33.934471999999985
-83.37695899999999,33.982957999999996
-83.50176399999998,33.942071999999996
-83.416522,33.948084
-83.31423999999998,34.01577499999999
-83.338943,33.993006
-83.46075599999999,33.939121
-83.37862899999999,33.976613
-83.39717899999998,33.934090999999995
-83.30413899999999,33.92991099999999
-83.36428499999998,33.995373
-83.26225499999998,33.918676999999995
-83.306761,33.879895
-83.36735999999999,33.93350399999999
-83.40884899999999,33.969144
-83.383268,33.934903999999996
-83.353915,33.94639399999999
-83.306156,33.882638
-83.36912199999999,33.95566399999999
-83.395645,33.96416
-83.363844,33.978372
-83.40164399999999,33.963778999999995
-83.327624,33.94152499999999
-83.32025508466269,33.854929901105244
-83.45067799999998,34.003996
-83.30703299999999,33.894973
-83.37639999999999,33.94575799999999
-83.49507799999999,33.93414099999999
-83.400407,33.952017999999995
-83.42671799999998,33.93038399999999
-83.354371,33.924037999999996
-83.409092,33.92285199999999
-83.359892,33.946069
-83.276173,33.929992999999996
-83.37234999999998,33.93697199999999
-83.30569599999998,34.010616999999996
-83.463926,33.94697599999999
-83.46843799999999,33.93526399999999
-83.46178199999999,33.939681
-83.34262199999999,33.963262
-83.32645099999999,33.90643899999999
-83.37770799999998,33.916658999999996
-83.48817799999999,33.99388499999999
-83.412981,33.948949999999996
-83.523921,33.96060299999999
-83.35231399999999,33.977913
-83.35231399999999,33.977913
-83.47193899999999,33.984206
-83.28336299999998,33.949728
-83.52548699999998,33.956586
-83.43845899999998,33.928198
-83.43986499999998,33.96305799999999
-83.398387,33.96651299999999
-83.331394,33.931571999999996
-83.41414399999998,33.97677699999999
-83.46665199999998,33.940868
-83.44133599999999,33.96449499999999
-83.369877,33.95333099999999
-83.406065,33.958110999999995
-83.50302599999999,33.939548999999985
-83.41228699999999,33.987360999999986
-83.39799499999998,33.952897
-83.426028,33.988956
-83.392867,33.959845
-83.37790599999998,33.97921699999999
-83.30413899999999,33.92991099999999
-83.44700799999998,33.995771999999995
-83.31506299999998,34.008576999999995
-83.46919799999999,33.95419199999999
-83.43431999999999,33.94267599999999
-83.32025508466269,33.854929901105244
-83.38870599999998,33.956016
-83.32822999999999,34.014744
-83.33248199999998,33.904731999999996
-83.48589299999999,33.99310799999999
-83.31295399999999,33.91195499999999
-83.32248899999999,33.938763
-83.35305599999998,33.96400299999999
-83.43376099999999,33.979942
-83.284457,33.95186799999999
-83.27575,33.94275499999999
-83.40474199999998,33.930982
-83.277647,33.946740999999996
-83.324927,33.901053999999995
-83.367164,33.933406999999995
-83.30888399999999,33.85407399999999
-83.45251299999998,33.93964799999999
-83.403806,33.959711
-83.41558499999998,33.948318
-83.40261599999998,33.937117
-83.42648699999998,33.956462
-83.42962699999998,33.94623599999999
-83.40152299999998,33.991095
-83.305514,34.010681999999996
-83.39466,33.916122
-83.31712999999999,33.93589399999999
-83.44609599999998,33.936379999999986
-83.328547,33.92859899999999
-83.35242499999998,33.978093
-83.35291999999998,33.977586999999986
-83.38363799999999,33.936130999999996
-83.396974,33.965109
-83.41773599999999,33.96527499999999
-83.42646299999998,33.952971999999995
-83.389074,33.957139999999995
-83.35855999999998,33.948126999999985
-83.324376,34.01574099999999
-83.35291999999998,33.977586999999986
-83.37646099999999,33.94756799999999
-83.35631099999999,33.94674299999999
-83.35231399999999,33.977913
-83.46201399999998,33.93956899999999
-83.38791799999998,33.95378
-83.37835699999998,33.97778699999999
-83.34150699999998,33.927776
-83.35305199999999,33.964773
-83.371405,33.966532
-83.33973799999998,33.880476
-83.30848499999999,33.943066
-83.45371699999998,33.949978
-83.341143,33.93359699999999
-83.41676799999999,33.942516999999995
-83.386954,33.955252
-83.43186099999998,33.98733899999999
-83.30784799999999,34.003085999999996
-83.313015,33.91186400000001
-83.44740399999999,33.94563099999999
-83.37830599999998,33.978009
-83.36526099999999,33.95330799999999
-83.31508999999998,33.911601999999995
-83.342933,33.931443
-83.36445599999999,33.966513
-83.381407,33.952073
-83.33113399999999,33.919285999999985
-83.330415,33.932021999999996
-83.32338,33.91404699999999
-83.35953099999999,33.94947899999999
-83.399075,33.947053
-83.386954,33.955252
-83.34872299999999,33.905445
-83.362521,33.980682
-83.41214099999999,33.971795
-83.33517299999998,33.89931299999999
-83.35617499999998,33.946830999999996
-83.503393,33.934720999999996
-83.42797899999998,33.96422499999999
-83.470201,33.956801999999996
-83.36228899999999,33.951349
-83.41247899999999,33.924559999999985
-83.35680399999998,33.94714199999999
-83.38310599999998,33.91847099999999
-83.36759999999998,33.97852999999999
-83.39470399999999,33.932742999999995
-83.447687,33.93856699999999
-83.38073599999998,33.977077
-83.404431,33.91643799999999
-83.33123199999999,33.93440799999999
-83.365538,33.98254599999999
-83.276949,33.973953
-83.33863199999999,33.99309699999999
-83.32567699999998,34.01370699999999
-83.33528099999998,33.922489999999996
-83.50318,33.94415899999999
-83.34416,34.01986099999999
-83.43185599999998,33.945555999999996
-83.30413899999999,33.92991099999999
-83.38054099999998,33.924901999999996
-83.362521,33.980682
-83.44315199999998,33.99633
-83.42073899999998,33.98657
-83.44857299999998,33.96504699999999
-83.35617499999998,33.946830999999996
-83.396746,33.966808
-83.30197499999998,33.947175
-83.352181,33.90997999999999
-83.363613,33.978360999999985
-83.405855,33.964864999999996
-83.39052,33.961545
-83.48031,33.958103
-83.27402599999999,33.93164699999999
-83.40508699999998,33.91624699999999
-83.29638699999998,33.915886
-83.35065999999999,33.94659399999999
-83.31732699999999,33.93916099999999
-83.43928699999998,33.99488399999999
-83.41912499999998,33.99824799999999
-83.35674499999999,33.971582999999995
-83.280428,33.951613
-83.35631099999999,33.94674299999999
-83.35811999999999,33.94742399999999
-83.42958699999998,33.942167999999995
-83.41378799999998,33.974581
-83.39812399999998,33.91657399999999
-83.458651,33.945892
-83.36982999999998,33.92733599999999
-83.30853399999998,33.92073599999999
-83.30215099999998,33.987650999999985
-83.40507599999998,33.919584
-83.367283,33.95401499999999
-83.35522899999998,33.997600999999996
-83.28323799999998,33.95254599999999
-83.32663699999999,34.019306
-83.43928699999998,33.99488399999999
-83.451559,33.950313
-83.409882,33.940906999999996
-83.404071,33.92128199999999
-83.35855999999998,33.948126999999985
-83.330162,33.903959
-83.34070299999999,33.911221999999995
-83.35281799999998,34.00670999999999
-83.373875,33.956901
-83.40508699999998,33.91624699999999
-83.463025,33.940193
-83.38792999999998,34.028687999999995
-83.33884799999998,33.99314799999999
-83.275655,33.929788999999985
-83.43928699999998,33.99488399999999
-83.41962499999998,34.003068999999996
-83.429951,33.990161
-83.39298399999998,33.97406999999999
-83.390208,33.934284999999996
-83.470398,33.989043999999986
-83.431995,33.939056
-83.45014799999998,33.965385999999995
-83.38473399999994,33.97340900000003
-83.45477799999999,33.939312
-83.354495,33.975923
-83.35430499999998,33.975858999999986
-83.37926099999999,33.944915
-83.38105899999998,33.921020999999996
-83.40385999999998,33.92079799999999
-83.35260599999998,33.977917999999995
-83.32545399999998,33.99810399999999
-83.37882399999998,33.975837999999996
-83.476112,33.943179
-83.35214899999998,33.978082
-83.36762299999998,33.95876299999999
-83.38054099999998,33.924901999999996
-83.46395099999998,33.94218399999999
-83.43928699999998,33.99488399999999
-83.43324299999999,33.94120199999999
-83.50176399999998,33.942071999999996
-83.44644999999998,33.941451
-83.481476,33.940477
-83.394741,33.948734
-83.40279199999999,33.944691
-83.37788599999999,33.939295
-83.28402099999998,33.950922999999996
-83.33184399999999,33.942707999999996
-83.385275,33.943324
-83.365005,33.96199
-83.47918099999998,33.94044499999999
-83.394599,33.938848
-83.32706199999998,34.020368999999995
-83.408951,33.945405
-83.348554,33.962307
-83.35990599999998,33.978217
-83.44803399999999,33.944770999999996
-83.401409,33.97064499999999
-83.36912199999999,33.95566399999999
-83.320843,33.93074
-83.37830599999998,33.978009
-83.46201399999998,33.93956899999999
-83.36426299999998,34.01628199999999
-83.31647799999999,33.92057499999999
-83.43431999999999,33.94267599999999
-83.32618099999999,33.997752999999996
-83.38790399999999,33.923456
-83.442053,33.977758
-83.38026599999999,33.948751
-83.348911,34.00612499999999
-83.46178199999999,33.939681
-83.359229,33.953739999999996
-83.327488,34.010452
-83.267645,33.913463
-83.39298399999998,33.97406999999999
-83.32567699999998,34.01370699999999
-83.49482899999998,33.93996099999999
-83.35214899999998,33.978082
-83.44738999999998,33.99425099999999
-83.40398499999999,33.962778
-83.44659199999998,33.992302999999986
-83.37830599999998,33.978009
-83.27491899999998,33.929529999999986
-83.37364499999998,33.97632999999999
-83.40975799999998,33.97207399999999
-83.44572499999998,33.99571699999999
-83.39365099999999,33.958469
-83.35119299999998,33.90887699999999
-83.38756899999998,33.971993999999995
-83.445633,33.992582999999996
-83.35665699999998,33.94623099999999
-83.408695,33.943868
-83.364192,33.994234999999996
-83.33419399999998,33.943542
-83.377563,33.959845
-83.35855999999998,33.948126999999985
-83.394088,33.948867
-83.467449,33.95713599999999
-83.46083199999998,33.939341999999996
-83.394041,33.929189
-83.32706199999998,34.020368999999995
-83.393154,33.949019
-83.35553,33.99047999999999
-83.430458,33.95453899999999
-83.35065999999999,33.94659399999999
-83.35065999999999,33.94659399999999
-83.35617499999998,33.946830999999996
-83.31778299999999,33.87670399999999
-83.512962,33.957505999999995
-83.446747,33.94500099999999
-83.37825999999998,33.957029999999996
-83.28443,33.95208699999999
-83.35475799999999,33.946303
-83.38906699999998,33.974887999999986
-83.316293,34.018785
-83.35361199999998,33.977964
-83.362521,33.980682
-83.34533299999998,33.924101
-83.39305399999999,33.963991
-83.43913399999998,33.925215
-83.40541799999998,33.96642599999999
-83.35260599999998,33.977917999999995
-83.30983399999998,33.90545699999999
-83.437747,33.969335
-83.42971299999999,34.00174599999999
-83.41378799999998,33.974581
-83.35617499999998,33.946830999999996
-83.43185599999998,33.945555999999996
-83.37835699999998,33.97778699999999
-83.36829699999998,34.016615
-83.29724899999998,33.95768199999999
-83.38798199999998,34.026997
-83.40526899999999,33.938676
-83.35331099999999,33.97525799999999
-83.42757699999999,33.96382200000001
-83.36987899999998,33.95261399999999
-83.35691899999999,33.978087999999985
-83.40508699999998,33.91624699999999
-83.45201899999999,33.989623
-83.3799,33.952911
-83.337985,33.957858
-83.456868,33.974796999999995
-83.39719399999998,33.95160899999999
-83.454177,33.93942599999999
-83.43934,33.974927
-83.37829899999998,33.922185999999996
-83.46490199999998,33.956210999999996
-83.423383,33.976501999999996
-83.44712699999998,33.941266999999996
-83.40326,33.99535399999999
-83.37783999999999,33.960679999999996
-83.414749,33.94852199999999
-83.31591299999998,33.916249
-83.416887,33.932994
-83.28490899999998,33.95094999999999
-83.39509799999999,33.949624
-83.487813,33.94030999999999
-83.42953599999998,33.96555899999999
-83.42659799999998,33.92681799999999
-83.37923099999999,33.97439299999999
-83.45895299999998,33.93095999999999
-83.49979499999999,33.93924899999999
-83.43650599999998,33.93074899999999
-83.35762299999999,33.976351
-83.505431,33.93331599999999
-83.512962,33.957505999999995
-83.353954,33.995789999999985
-83.366984,33.978366
-83.41378799999998,33.974581
-83.44635099999999,33.994279999999996
-83.40136799999999,33.966978999999995
-83.30161799999999,33.92924699999999
-83.32776499999999,33.94158099999999
-83.44814999999998,33.995837
-83.41378799999998,33.974581
-83.405365,34.016503
-83.50817499999998,33.951980999999996
-83.34699599999999,33.976161999999995
-83.52480699999998,33.970877
-83.50142199999999,33.941984999999995
-83.43766099999999,33.933268999999996
-83.38285599999999,33.945927999999995
-83.366402,33.952042
-83.46519499999998,33.937205999999996
-83.35288599999998,33.96338999999999
-83.37907299999999,33.951231
-83.39246299999999,33.950198
-83.38582699999999,34.00376899999999
-83.34049199999998,33.944805999999986
-83.521112,33.96780199999999
-83.371312,33.957899999999995
-83.398133,33.916373
-83.45901299999998,33.996366
-83.34756399999999,33.982804
-83.31588099999999,33.926581999999996
-83.27575,33.94275499999999
-83.35826199999998,33.942895
-83.35617499999998,33.946830999999996
-83.503422,33.93920599999999
-83.47800199999999,33.947144
-83.43610199999999,34.006447
-83.44480099999998,33.993895
-83.38411599999999,34.00062299999999
-83.327241,33.941289999999995
-83.46665199999998,33.940868
-83.401057,33.926845
-83.306161,33.983511
-83.37511099999999,33.96043499999999
-83.35549,33.92276499999999
-83.30130699999998,33.90131199999999
-83.32505199999999,33.931359
-83.479359,33.95232399999999
-83.37767099999999,33.98011199999999
-83.43444499999998,33.977423
-83.35664099999998,33.982258
-83.43776799999999,33.923868999999996
-83.44395799999998,33.99884999999999
-83.33723899999998,33.918178999999995
-83.31073099999999,33.90227
-83.445103,33.993590999999995
-83.27073899999999,33.91757799999999
-83.41008699999999,33.97019499999999
-83.37820999999998,33.921227
-83.31842199999998,33.92369
-83.37705199999999,33.958209
-83.37787199999998,33.927817999999995
-83.41613399999999,33.921718999999996
-83.523127,33.95831499999999
-83.42627,33.98677399999999
-83.349266,33.91103199999999
-83.40182899999999,33.98994199999999
-83.40675299999998,33.967397999999996
-83.33415699999999,33.994406999999995
-83.35657199999999,33.944314999999996
-83.42761999999999,33.946443999999985
-83.47328199999998,33.936514999999986
-83.29443399999998,33.94607599999999
-83.44685699999998,33.945388
-83.44609499999999,33.95150199999999
-83.43232299999998,33.94586499999999
-83.366984,33.978366
-83.46665199999998,33.940868
-83.34526699999999,33.912523
-83.385537,33.969834999999996
-83.39780499999999,33.95261399999999
-83.393154,33.949019
-83.35061699999999,33.979987
-83.38716099999999,33.951506
-83.338943,33.993006
-83.43301099999998,33.93804
-83.380927,33.950790999999995
-83.402602,33.946138999999995
-83.41961599999999,33.985510999999995
-83.50176399999998,33.942071999999996
-83.30576499999998,33.930147999999996
-83.35405999999999,33.953355
-83.32910199999999,34.01125499999999
-83.35305599999998,33.96400299999999
-83.33210499999998,33.98561
-83.36882699999998,33.950828
-83.33079099999999,33.93185799999999
-83.43928699999998,33.99488399999999
-83.40522699999998,33.916243
-83.48977099999999,33.93658599999999
-83.35260599999998,33.977917999999995
-83.30785099999999,33.89724199999999
-83.338943,33.993006
-83.33920299999998,33.899961999999995
-83.43102499999999,33.93421399999999
-83.405354,33.991223999999995
-83.35260599999998,33.977917999999995
-83.404369,33.965703999999995
-83.44680799999999,33.98637999999999
-83.323368,33.925419999999995
-83.441186,33.934647999999996
-83.40889799999998,34.000447
-83.46075599999999,33.939121
-83.285307,33.950994
-83.481476,33.940477
-83.364544,33.9637
-83.404071,33.92128199999999
-83.38981199999999,33.959376
-83.37787199999998,33.927817999999995
-83.43928699999998,33.99488399999999
-83.35260599999998,33.977917999999995
-83.36390199999998,33.948261999999986
-83.35038199999998,33.908802
-83.388869,33.960809999999995
-83.349817,33.955791999999995
-83.40524599999999,33.916406999999985
-83.46869599999998,33.950006
-83.40367499999999,33.92383399999999
-83.40413099999999,33.951133999999996
-83.30413899999999,33.92991099999999
-83.41008699999999,33.97019499999999
-83.502138,33.94183799999999
-83.37609499999999,33.935182
-83.381704,33.957716
-83.469836,33.941763
-83.35826199999998,33.942895
-83.46604999999998,33.98924499999999
-83.33176,33.917961999999996
-83.42943799999999,33.960314
-83.28731499999999,33.91872
-83.36181499999999,33.98176
-83.36412699999998,33.94839499999999
-83.31656099999998,33.907657
-83.44444999999999,33.945354
-83.42464599999998,33.999012
-83.37835699999998,33.97778699999999
-83.38018599999998,33.944438999999996
-83.40052899999999,33.943290999999995
-83.36573899999999,33.952714
-83.45363299999998,34.000222
-83.45177999999999,33.93455099999999
-83.33117699999998,34.015982
-83.384647,33.937371999999996
-83.41195299999998,33.921714
-83.43226599999998,33.939921999999996
-83.42947999999998,33.955702999999986
-83.39840499999998,33.962448
-83.36863699999999,33.91894899999999
-83.35855999999998,33.948126999999985
-83.40507599999998,33.919584
-83.32618099999999,33.997752999999996
-83.42198199999999,33.94708099999999
-83.33977099999998,33.920882999999996
-83.37774999999999,33.91632599999999
-83.35214899999998,33.978082
-83.30215099999998,33.987650999999985
-83.41008699999999,33.97019499999999
-83.31712999999999,33.93589399999999
-83.41378799999998,33.974581
-83.396755,33.947489
-83.38798199999998,34.026997
-83.418722,33.97446899999999
-83.35608999999998,33.946640999999985
-83.370446,33.99171799999999
-83.48110099999998,33.933872
-83.30413899999999,33.92991099999999
-83.32574099999998,33.997956999999985
-83.35760499999999,33.918109
-83.365645,33.988814999999995
-83.436272,33.93652099999999
-83.384199,33.955912
-83.29649499999998,33.95981499999999
-83.412981,33.948949999999996
-83.34511899999998,33.91476099999999
-83.36457799999998,33.97608999999999
-83.35678599999999,33.94638799999999
-83.44784199999998,33.936802
-83.31812999999998,33.92352199999999
-83.368403,33.986336
-83.372793,33.92415199999999
-83.40196199999998,33.93622599999999
-83.461972,33.93975799999999
-83.39096899999998,33.954256
-83.39731899999998,33.949107
-83.27489799999998,33.957914999999986
-83.35609099999999,33.907842999999986
-83.37208199999999,33.97446
-83.275655,33.929788999999985
-83.423743,33.95759499999999
-83.27294399999998,33.97668199999999
-83.37873299999998,33.94536999999999
-83.482146,33.967207
-83.382638,33.91989699999999
-83.30857399999998,33.921715999999996
-83.29724899999998,33.909615999999986
-83.37464799999998,33.974564
-83.35447599999999,33.94628099999999
-83.46506499999998,33.986525
-83.32066299999998,33.93774799999999
-83.462187,33.939637999999995
-83.34049199999998,33.944805999999986
-83.438653,33.928224
-83.40182899999999,33.98994199999999
-83.33293799999998,33.896065
-83.41015399999999,33.959976
-83.36457799999998,33.97608999999999
-83.404431,33.91643799999999
-83.45295899999999,33.94111
-83.42598699999999,33.987066999999996
-83.36982999999998,33.92733599999999
-83.291882,33.88431
-83.37731099999999,33.959038
-83.33010199999998,33.930023999999996
-83.331502,33.931647999999996
-83.31385699999998,33.891549999999995
-83.417445,33.969623999999996
-83.36390199999998,33.948261999999986
-83.41030299999998,33.95467599999999
-83.363613,33.978360999999985
-83.36332899999998,33.98031999999999
-83.45106599999998,33.972481
-83.42804199999999,33.960091999999996
-83.36521899999998,33.97365599999999
-83.40117699999999,33.968116
-83.374543,33.978298999999986
-83.42246,33.98803999999999
-83.37818599999999,33.92100099999999
-83.32764899999998,34.01060199999999
-83.37768899999999,33.97848299999999
-83.43872299999998,33.926608
-83.35513299999998,33.974717999999996
-83.27940199999999,33.966682999999996
-83.52548699999998,33.956586
-83.333478,33.918752
-83.30671099999999,34.01006199999999
-83.389228,33.97509399999999
-83.401505,33.989588999999995
-83.33162999999999,33.914673
-83.291967,33.884378
-83.40939399999999,33.956553
-83.364738,33.930582
-83.41155799999999,33.97131199999999
-83.428707,33.989582999999996
-83.40199499999999,33.983671
-83.38400399999999,33.942541999999996
-83.46075599999999,33.939121
-83.33224599999998,33.93697699999999
-83.42647099999999,33.98609799999999
-83.43426699999999,33.96355899999999
-83.375967,33.934000999999995
-83.36834499999999,33.954772999999996
-83.41702699999999,33.97612199999999
-83.31795599999998,34.00296999999999
-83.373482,33.958109
-83.46491,33.940485999999986
-83.394088,33.948867
-83.35824499999998,33.991303999999985
-83.37333199999999,33.95991699999999
-83.395389,33.948218
-83.36889999999998,33.97031499999999
-83.411665,33.959855999999995
-83.349817,33.955791999999995
-83.49504799999998,33.940041
-83.356246,33.956859
-83.35506199999999,33.97278699999999
-83.362352,33.987294999999996
-83.39818599999998,33.957107
-83.32517299999999,33.88453299999999
-83.394088,33.948867
-83.41495999999998,33.94928999999999
-83.36171899999998,33.94283399999999
-83.41229899999999,33.97193
-83.41674799999998,33.92211799999999
-83.35430499999998,33.975858999999986
-83.37835699999998,33.97778699999999
-83.39466,33.916122
-83.32945199999999,34.011012
-83.38766099999998,33.94193599999999
-83.38563999999998,33.941244999999995
-83.35631099999999,33.94674299999999
-83.35631099999999,33.94674299999999
-83.31712999999999,33.93589399999999
-83.32932599999998,34.011654
-83.38949999999998,33.92243299999999
-83.45017799999998,33.944017999999986
-83.35855999999998,33.948126999999985
-83.363844,33.978372
-83.32804999999999,34.015215999999995
-83.37571899999999,33.932856
-83.43928699999998,33.99488399999999
-83.34313999999999,33.90908799999999
-83.35361199999998,33.977964
-83.32212899999999,33.935366
-83.448351,33.94545399999999
-83.30848499999999,33.943066
-83.405095,33.916416999999996
-83.37695899999999,33.982957999999996
-83.35617499999998,33.946830999999996
-83.386421,33.949459
-83.35390499999998,33.94627899999999
-83.33647999999998,33.971522
-83.35617499999998,33.946830999999996
-83.33184399999999,33.942707999999996
-83.43870799999999,33.990214
-83.35327699999999,33.943408999999996
-83.35305599999998,33.96400299999999
-83.37377099999999,33.95803999999999
-83.40524599999999,33.916406999999985
-83.455353,33.939057999999996
-83.41467899999999,33.95254299999999
-83.49286099999999,33.93573599999999
-83.35548399999999,33.97649599999999
-83.45195199999999,33.94653199999999
-83.33328099999999,33.90344799999999
-83.31881699999998,33.93679699999999
-83.41008699999999,33.97019499999999
-83.389448,33.938376
-83.32061799999998,34.024637999999996
-83.35595099999999,33.946742
-83.32248899999999,33.938763
-83.37609499999999,33.935182
-83.30477399999998,33.945395999999995
-83.35852,33.95446
-83.30477399999998,33.945395999999995
-83.39052199999999,33.97459299999999
-83.37144099999999,33.946731
-83.40794099999998,33.968386999999986
-83.35506199999999,33.97278699999999
-83.39855399999999,33.95244999999999
-83.37820999999998,33.921227
-83.35679499999999,33.948225
-83.46665199999998,33.940868
-83.40565399999998,33.96726999999999
-83.35608999999998,33.946640999999985
-83.41378799999998,33.974581
-83.34963599999999,33.91145999999999
-83.35919799999999,33.98360699999999
-83.37324699999999,33.968112999999995
-83.31712999999999,33.93589399999999
-83.36302999999998,33.979694999999985
-83.36543499999999,33.937868
-83.42276499999998,33.934388999999996
-83.37789499999998,33.91422099999999
-83.470776,33.938724
-83.40522699999998,33.916243
-83.43928699999998,33.99488399999999
-83.39785799999999,34.023652999999996
-83.39774299999999,33.945419
-83.46519499999998,33.937205999999996
-83.447924,33.952677
-83.314126,33.898184
-83.37923099999999,33.97439299999999
-83.46665199999998,33.940868
-83.35335499999998,33.96511499999999
-83.46665199999998,33.940868
-83.405095,33.916416999999996
-83.39141099999999,33.92457199999999
-83.464854,33.940720999999996
-83.370161,33.963795
-83.29638099999998,33.94296599999999
-83.43928699999998,33.99488399999999
-83.32764899999998,34.01060199999999
-83.425403,33.99501099999999
-83.35065999999999,33.94659399999999
-83.37473399999999,34.00661099999999
-83.43117999999998,33.933105999999995
-83.35617499999998,33.946830999999996
-83.37351999999998,33.97137399999999
-83.31757799999998,33.934415
-83.32267499999999,33.91335999999999
-83.34601599999999,33.92368599999999
-83.35242499999998,33.978093
-83.440893,33.929666999999995
-83.40524599999999,33.916406999999985
-83.40524599999999,33.916406999999985
-83.391018,33.92508
-83.47694599999998,33.989384
-83.35506199999999,33.97278699999999
-83.35617499999998,33.946830999999996
-83.41229899999999,33.97193
-83.29946699999999,33.91949799999999
-83.33022299999999,33.942268999999996
-83.34825399999998,34.013587
-83.35595099999999,33.946742
-83.52024099999998,33.955466
-83.35608999999998,33.946640999999985
-83.50176399999998,33.942071999999996
-83.43185599999998,33.945555999999996
-83.28691599999999,33.943985999999995
-83.41203699999998,33.971980999999985
-83.28578299999998,33.97189099999999
-83.32524999999998,33.90777899999999
-83.36735999999999,33.93350399999999
-83.35242499999998,33.978093
-83.278067,33.966504
